,name,age,Coef,lower_ci,upper_ci,significance
0,pre_cohort_log_restriction_2_0,1,0.018677496395785708,-0.0059910163156187204,0.04334600910719014,False
1,pre_cohort_log_restriction_2_0,2,0.017749412284635686,-0.0010379563476942584,0.03653678091696563,False
2,pre_cohort_log_restriction_2_0,3,0.017601482412443973,0.00035602488150743294,0.03484693994338051,True
3,pre_cohort_log_restriction_2_0,4,0.014776895329039065,0.0008502326547337354,0.028703558003344395,True
4,pre_cohort_log_restriction_2_0,5,0.008762603808696754,-0.0051260050931865205,0.02265121271058003,False
