,age,Coef,lower_ci,upper_ci
0,1,-0.018287519154458483,-0.06635338125741026,0.029778342948493297
1,2,-0.05611220770735234,-0.11096672521363617,-0.0012576902010685148
2,3,-0.06136455724213263,-0.12147266546416016,-0.001256449020105084
3,4,-0.03538173435664306,-0.07968341704429885,0.008919948331012735
4,5,-0.010816556853402198,-0.01887103152888593,-0.0027620821779184655
