,age,Coef,lower_ci,upper_ci
0,1,-0.011048337646342776,-0.05616006165899215,0.0340633863663066
1,2,-0.07014688540958366,-0.14002660813883655,-0.0002671626803307653
2,3,-0.043651848405525336,-0.10191299795884254,0.014609301147791867
3,4,-0.026618359501607437,-0.09806866287743582,0.04483194387422094
4,5,-0.007428400952479792,-0.021888601442360135,0.00703179953740055
