,age,Coef,lower_ci,upper_ci
0,1,0.005048880814778977,-0.019487251113392334,0.029585012742950292
1,2,0.006775644418191805,-0.013952651889858943,0.027503940726242553
2,3,0.00012441281560506616,-0.029253218572075107,0.02950204420328524
3,4,0.01865784431548888,0.010861225563902057,0.026454463067075704
4,5,0.016685322329882058,0.008111325867552317,0.0252593187922118
