,age,Coef,lower_ci,upper_ci
0,1,-1.3337203409962448,-3.8195333828225273,1.1520927008300375
1,2,-4.140266508623527,-7.05971374046249,-1.2208192767845638
2,3,-4.084033423784066,-6.42113893814916,-1.7469279094189725
3,4,-2.004271660985885,-3.830963304018529,-0.17758001795324052
4,5,-1.0087805280588662,-1.8574030687245093,-0.16015798739322318
