,age,Coef,lower_ci,upper_ci
0,1,-0.11266588668573504,-0.45760099543179134,0.23226922206032127
1,2,-0.6820544135702555,-1.0265989555065846,-0.3375098716339265
2,3,-0.19108018413230093,-0.5633524556806477,0.18119208741604592
3,4,-0.36504211158804806,-0.8830250077098281,0.152940784533732
4,5,-0.22301374618327996,-0.8414980442677559,0.39547055190119595
