,age,Coef,lower_ci,upper_ci
0,1,0.8792737948407442,-0.6296921232635234,2.388239712945012
1,2,1.0970772052738234,-0.17229711054035968,2.366451521088006
2,3,1.255967911515547,0.036982214559687865,2.4749536084714063
3,4,1.8454419799758597,1.064821997826606,2.6260619621251133
4,5,1.6389469554872467,0.7602445410123106,2.5176493699621827
