,age,Coef,lower_ci,upper_ci
0,2,0.21280127445698951,-0.9411974715341346,1.3668000204481137
1,3,0.27414657131783493,-0.7129982426544853,1.2612913852901553
2,4,0.5278814642205243,-0.7604103779661251,1.8161733064071737
3,5,1.0991250076749148,-0.2868951670991722,2.485145182449002
