,name,age,Coef,lower_ci,upper_ci,significance
0,pre_cohort_log_restriction_2_0,1,-0.00165512933625066,-0.010212610598620636,0.006902351926119317,False
1,pre_cohort_log_restriction_2_0,2,-0.005150544132033019,-0.011676728642995723,0.0013756403789296845,False
2,pre_cohort_log_restriction_2_0,3,0.0006290034752008191,-0.00635035659670652,0.007608363547108158,False
3,pre_cohort_log_restriction_2_0,4,0.0009259009667934389,-0.009042014816782636,0.010893816750369514,False
4,pre_cohort_log_restriction_2_0,5,0.005224267538647438,-0.0035963537901763662,0.014044888867471243,False
