,age,Coef,lower_ci,upper_ci
0,1,-1.6854087702946736,-6.086760958606044,2.7159434180166975
1,2,-3.7603470582936165,-6.352015502366559,-1.1686786142206746
2,3,-3.0987793421624303,-5.097587578385224,-1.0999711059396369
3,4,-2.3256849989186392,-4.691973484979869,0.04060348714258977
4,5,-1.4676080215620853,-3.1166097858928303,0.18139374276865983
