,age,Coef,lower_ci,upper_ci
0,2,1.1387336733331477,-2.7218614909525005,4.999328837618796
1,3,-2.7464168371796527,-6.269502803742034,0.7766691293827286
2,4,-3.3063539097018513,-8.183629137561415,1.570921318157711
3,5,0.09124787608128967,-1.8721337635633604,2.0546295157259395
