,age,Coef,lower_ci,upper_ci
0,1,-1.3337203409962448,-3.8195333828225273,1.1520927008300375
1,2,-4.860773071539468,-8.829124073947478,-0.8924220691314582
2,3,-2.22714030901179,-4.638838572021186,0.18455795399760655
3,4,-0.4110795942901207,-3.224924031108075,2.4027648425278336
4,5,-1.0015856606839768,-2.5390943474308147,0.5359230260628611
