,age,Coef,lower_ci,upper_ci
0,1,-0.3119539600868633,-1.6201868599921687,0.9962789398184422
1,2,-0.39843945349310267,-1.085591311455768,0.28871240446956264
2,3,-0.2790660123046985,-0.9007338385956276,0.3426018139862306
3,4,-0.6572199129559542,-1.4330518128693703,0.118611986957462
4,5,-0.9676672527638451,-1.874527368951068,-0.06080713657662218
