,age,Coef,lower_ci,upper_ci
0,1,-0.40046555667447487,-1.4784002710115154,0.6774691576625658
1,2,-0.1768424735901012,-0.6369403666389164,0.2832554194587141
2,3,-0.11230637312502852,-0.5641176392085407,0.33950489295848374
3,4,-0.32882198415678204,-0.8332564524065218,0.17561248409295765
4,5,-0.47065744557728995,-1.145060164242989,0.20374527308840906
