,age,Coef,lower_ci,upper_ci
0,1,-0.5536611643286539,-1.5626166796289582,0.4552943509716506
1,2,0.021489883384857637,-0.9055071185050616,0.948486885274777
2,3,-0.22887262631654917,-1.749481830625208,1.2917365779921095
3,4,-0.5618257924313516,-1.9749412724225879,0.8512896875598849
4,5,-0.6955128207128801,-2.3839101427482987,0.9928845013225386
