,age,Coef,lower_ci,upper_ci
0,1,389.5191374321309,43.1807764113924,735.8574984528693
1,2,134.60381965482802,-64.70502971608238,333.9126690257384
2,3,75.41309893446562,-57.43570448207622,208.26190235100745
3,4,54.558859932987964,-42.884313464125476,152.0020333301014
4,5,28.52144621866898,-58.37102704890209,115.41391948624006
