,age,Coef,lower_ci,upper_ci
0,1,389.5191374321309,43.180776417081404,735.8574984471804
1,2,134.60381965482506,-64.70502971262613,333.91266902227625
2,3,71.86047441510726,-71.11363406936664,214.83458289958116
3,4,65.62652704952846,-42.89906694865705,174.152121047714
4,5,24.5738089763781,-82.028953976476,131.1765719292322
