,age,Coef,lower_ci,upper_ci
0,2,0.43545460418323195,-1.5552377135817887,2.4261469219482525
1,3,-0.32915418524408385,-1.7500565082267772,1.0917481377386096
2,4,0.19135760235478155,-1.6597933846035502,2.042508589313113
3,5,0.061529950421211885,-2.412299410431339,2.5353593112737625
