,age,Coef,lower_ci,upper_ci
0,1,-0.40046555667447487,-1.4784002710115154,0.6774691576625658
1,2,-0.2993435621550481,-0.9507244513649707,0.35203732705487456
2,3,-0.03532173669799932,-0.70016068396822,0.6295172105722213
3,4,-0.600833776470094,-1.5633028647592417,0.36163531181905373
4,5,-0.7277459985259124,-1.6149499730241397,0.15945797597231504
