,age,Coef,lower_ci,upper_ci
0,1,-0.7355029257760499,-3.503631883119805,2.032626031567705
1,2,-3.6396834254709147,-7.0014100290126535,-0.27795682192917637
2,3,-3.4448010833293425,-5.925992072783778,-0.9636100938749075
3,4,-2.00427166098587,-3.830963304016683,-0.1775800179550573
4,5,-1.0087805280588653,-1.8574030687311613,-0.1601579873865694
