,age,Coef,lower_ci,upper_ci
0,1,321.8093449509602,145.9789445420464,497.63974535987404
1,2,226.46797644017823,117.43627487101294,335.49967800934354
2,3,169.32304585449396,97.57557576507135,241.07051594391658
3,4,108.03937604609487,53.572073916407845,162.5066781757819
4,5,71.33241549982428,24.759366873175146,117.90546412647342
