,age,Coef,lower_ci,upper_ci
0,1,151.99599961438435,-15.619954918011075,319.6119541467798
1,2,88.0735619517308,-14.01202020493163,190.1591441083932
2,3,58.858774421010544,-12.935293918781959,130.65284276080305
3,4,55.0029045005622,-4.954757658075515,114.96056665919991
4,5,41.23415337537775,-1.7072296974919539,84.17553644824746
