,age,Coef,lower_ci,upper_ci
0,1,-0.5536611643286569,-1.5626166796302055,0.4552943509728917
1,2,-0.19781757517043771,-1.1478192284152193,0.752184078074344
2,3,-0.09454418725092852,-1.7346966502015888,1.5456082756997318
3,4,-0.6952203598971407,-2.3471297989576314,0.9566890791633502
4,5,-0.7449328741022345,-2.761240894583414,1.2713751463789449
