,name,age,Coef,lower_ci,upper_ci,significance
0,pre_cohort_log_restriction_2_0,1,0.02299458816511476,-0.004600161246992768,0.05058933757722228,False
1,pre_cohort_log_restriction_2_0,2,0.02277922867103458,0.006032043125885858,0.0395264142161833,True
2,pre_cohort_log_restriction_2_0,3,0.023594405893637004,0.006534590333804206,0.0406542214534698,True
3,pre_cohort_log_restriction_2_0,4,0.021877419781858195,0.007186537492945837,0.03656830207077055,True
4,pre_cohort_log_restriction_2_0,5,0.013304539874897861,-0.0025293807617310492,0.02913846051152677,False
