,age,Coef,lower_ci,upper_ci
0,1,389.5191374321328,43.18077641401936,735.8574984502463
1,2,204.6763220323911,46.07313386527784,363.2795101995044
2,3,91.6546884574636,-4.293541896649742,187.60291881157696
3,4,70.89498017578691,3.2555092273968427,138.534451124177
4,5,73.6490806468189,16.501603230846996,130.7965580627908
