,age,Coef,lower_ci,upper_ci
0,1,376.14943939351673,-9.903915766528428,762.202794553562
1,2,112.06460482554458,-103.21111676273047,327.34032641381964
2,3,60.731579934967584,-75.64240184505547,197.10556171499064
3,4,54.558859932987964,-42.884313464125476,152.0020333301014
4,5,28.52144621866898,-58.37102704890209,115.41391948624006
