,age,Coef,lower_ci,upper_ci
0,1,-0.5536611643286539,-1.5626166796289582,0.4552943509716506
1,2,-0.19781757517042553,-1.1478192284522164,0.7521840781113655
2,3,-0.09261180892578307,-2.0328350349225763,1.8476114170710103
3,4,-0.6567056213445182,-2.3914369253702263,1.0780256826811898
4,5,-0.8512656713643474,-3.5182066149249422,1.8156752721962475
