,age,Coef,lower_ci,upper_ci
0,1,151.99599961438435,-15.619954918011075,319.6119541467798
1,2,71.44955725387182,-19.486542030755984,162.38565653849963
2,3,47.77764578403947,-12.295723887683579,107.85101545576252
3,4,46.27156259469395,3.9781501607840895,88.56497502860381
4,5,20.144564638055225,-3.4822622126362184,43.77139148874667
