,age,Coef,lower_ci,upper_ci
0,2,159.95641471291864,-166.8507178061566,486.7635472319939
1,3,44.76401187207451,-150.4832785937256,240.01130233787464
2,4,41.288001195079865,-117.76965797300605,200.34566036316576
3,5,86.97179696025965,-51.15322518026615,225.09681910078547
