,age,Coef,lower_ci,upper_ci
0,2,142.12848436066574,-177.18239186238694,461.43936058371844
1,3,38.41330679168139,-163.8773475968232,240.70396118018596
2,4,41.288001195079865,-117.76965797300605,200.34566036316576
3,5,86.97179696025965,-51.15322518026615,225.09681910078547
