,age,Coef,lower_ci,upper_ci
0,1,-1.6854087702946736,-6.086760958606044,2.7159434180166975
1,2,-6.053105733301031,-9.86899881470311,-2.2372126518989526
2,3,-3.798232006451982,-7.364416995136548,-0.23204701776741654
3,4,-1.7782604399145139,-4.938407519823508,1.3818866399944796
4,5,-1.7006182464191921,-4.116050973069135,0.7148144802307508
