,age,Coef,lower_ci,upper_ci
0,1,-0.7355029257757908,-3.503631883195718,2.0326260316441367
1,2,-5.094620516404643,-9.42726375467197,-0.7619772781373166
2,3,-3.1918176270552463,-5.724135170416417,-0.6595000836940756
3,4,-0.4321961276474122,-3.0886874545243774,2.2242951992295525
4,5,-1.047709845953605,-2.250339990660142,0.15492029875293212
