,age,Coef,lower_ci,upper_ci
0,1,-0.3119539600868724,-1.620186860069712,0.9962789398959673
1,2,-0.26942583096302614,-0.7787607244966506,0.23990906257059835
2,3,-0.09830788355191994,-0.5595788444972927,0.36296307739345274
3,4,-0.3288219841567823,-0.8332564524058524,0.1756124840922878
4,5,-0.47065744557728884,-1.14506016424477,0.2037452730901923
