,age,Coef,lower_ci,upper_ci
0,1,376.1494393935148,-9.903915772195433,762.202794559225
1,2,187.24878164650926,17.923147649469314,356.5744156435492
2,3,78.89184984892682,-21.903805407422098,179.68750510527576
3,4,70.89498017578691,3.2555092273968427,138.534451124177
4,5,73.6490806468189,16.501603230846996,130.7965580627908
