,age,Coef,lower_ci,upper_ci
0,2,3.2432518056409743,-2.0205314246795973,8.507035035961547
1,3,-0.34496002906243284,-5.737444014907134,5.0475239567822685
2,4,-4.710618864507275,-10.578203706682604,1.1569659776680545
3,5,0.464138930720102,-3.9302449765791865,4.8585228380193906
