,age,Coef,lower_ci,upper_ci
0,1,-7.164001064286135,-16.329369022856824,2.001366894284554
1,2,-0.7550919770528481,-5.385846245752981,3.8756622916472847
2,3,1.657251863400994,-3.237100824299622,6.55160455110161
3,4,-1.9743884104134224,-5.301119451213897,1.3523426303870527
4,5,-0.10788611151368513,-3.3245378923161684,3.108765669288798
