,age,Coef,lower_ci,upper_ci
0,1,-7.164001064286135,-16.329369022856824,2.001366894284554
1,2,-2.529023057911856,-7.647214656314999,2.5891685404912863
2,3,1.1850901517661918,-6.041520019038522,8.411700322570905
3,4,-0.09540731562633538,-6.213963249490042,6.023148618237371
4,5,3.5455304637251577,-2.282888625635643,9.373949553085959
