,age,Coef,lower_ci,upper_ci
0,1,1.261939792734409,-1.996838457934467,4.520718043403285
1,2,3.6555227417940364,0.6934666554618247,6.617578828126248
2,3,3.2099018885403305,0.6394314485357482,5.780372328544913
3,4,3.745025453461535,1.549681543809224,5.940369363113846
4,5,4.020236659594619,-0.8463817889385901,8.886855108127827
