,age,Coef,lower_ci,upper_ci
0,1,-0.7934634858048808,-4.6117247091748315,3.0247977375650703
1,2,-2.9865099436083287,-8.042471077922313,2.069451190705655
2,3,2.184519208370266,-1.4654463223353602,5.834484739075892
3,4,1.7749448398385188,-1.5005033047100467,5.050392984387084
4,5,1.6758360861622676,-2.03494468287471,5.386616855199245
