,name,age,Coef,lower_ci,upper_ci,significance
0,pre_cohort_log_restriction_2_0,1,2.8101195437857163,-1.8095939976675597,7.429833085238992,False
1,pre_cohort_log_restriction_2_0,2,1.9359755558329534,-1.2474463355424703,5.119397447208377,False
2,pre_cohort_log_restriction_2_0,3,1.0438125836154117,-1.5079849706034418,3.5956101378342655,False
3,pre_cohort_log_restriction_2_0,4,2.6730511557348455,-1.9063521874364477,7.252454498906139,False
4,pre_cohort_log_restriction_2_0,5,-0.37256798692153115,-3.235474923862782,2.4903389500197193,False
