,age,Coef,lower_ci,upper_ci
0,2,3.826501683255028,-1.1563221936746668,8.809325560184723
1,3,-1.46502475586714,-5.601668364766718,2.671618853032438
2,4,-0.7950187139309266,-5.5291296757349055,3.9390922478730523
3,5,2.398514851446599,-2.1964827392164823,6.99351244210968
