,age,Coef,lower_ci,upper_ci
0,1,-0.7934634858048396,-4.611724709224933,3.0247977376152533
1,2,-1.73718241699793,-5.619589895101102,2.1452250611052426
2,3,1.1094923178150304,-1.6681911977846064,3.887175833414667
3,4,-1.2309716794502732,-3.8410924238467206,1.3791490649461742
4,5,1.2746910214386566,-0.7881208560174582,3.3375028988947717
