,age,Coef,lower_ci,upper_ci
0,1,-1.2028123344650292,-8.888345577172066,6.482720908242008
1,2,3.489642193704815,-3.905674480263469,10.884958867673099
2,3,0.3668518108131453,-4.84069741261625,5.57440103424254
3,4,5.755182555732972,1.1902560774067057,10.32010903405924
4,5,-3.0224446359089217,-7.629480026068697,1.5845907542508528
