,age,Coef,lower_ci,upper_ci
0,1,1.3712164831658122,-2.4613074293474666,5.203740395679091
1,2,3.7830417222779738,0.4767066998905163,7.089376744665431
2,3,2.8944192234379473,0.16964927833573373,5.619189168540161
3,4,3.745025453461535,1.549681543809224,5.940369363113846
4,5,4.020236659594619,-0.8463817889385901,8.886855108127827
