,age,Coef,lower_ci,upper_ci
0,1,1.3712164831658977,-2.461307429394764,5.203740395726559
1,2,1.9550693984687195,-1.7080111853655813,5.61814998230302
2,3,3.494269246235766,0.16764104925024714,6.820897443221285
3,4,3.864485268956004,0.36898368981845975,7.359986848093548
4,5,2.6413050495333756,-1.4429887774428405,6.725598876509592
