,age,Coef,lower_ci,upper_ci
0,1,-1.8453352871928288,-5.695956498616232,2.0052859242305745
1,2,-2.637346377764665,-6.583981716938716,1.3092889614093868
2,3,0.8728953548538528,-1.9618464583059905,3.707637168013696
3,4,-1.2309716794502732,-3.8410924238467206,1.3791490649461742
4,5,1.2746910214386566,-0.7881208560174582,3.3375028988947717
