,name,age,Coef,lower_ci,upper_ci,significance
0,pre_cohort_log_restriction_2_0,1,0.40644824395627444,-2.5382555384035372,3.351152026316086,False
1,pre_cohort_log_restriction_2_0,2,0.6720567038219492,-1.7051105967548632,3.0492240043987615,False
2,pre_cohort_log_restriction_2_0,3,2.342022484707273,-0.4917658122871251,5.175810781701671,False
3,pre_cohort_log_restriction_2_0,4,0.7013821852205656,-1.373698525909489,2.7764628963506204,False
4,pre_cohort_log_restriction_2_0,5,4.5938204310999415,0.31582771046276115,8.871813151737122,True
