,age,Coef,lower_ci,upper_ci
0,2,3.0485666319505413,-3.383732452014114,9.480865715915197
1,3,-3.1467981288072986,-10.141869886783429,3.8482736291688315
2,4,-0.11894330232396254,-3.897568113333623,3.659681508685698
3,5,4.5229683987435,-4.425317673492933,13.471254470979932
