,age,Coef,lower_ci,upper_ci
0,1,-1.2028123344649262,-8.888345577284989,6.482720908355136
1,2,3.4896421937047117,-3.9056744800781047,10.884958867487528
2,3,0.42729375377475465,-5.254682656928153,6.109270164477661
3,4,5.941683786818772,-0.3978908161381547,12.281258389775699
4,5,-3.650550173712167,-7.545890366898588,0.24479001947425383
