,age,Coef,lower_ci,upper_ci
0,1,0.40644824395627444,-1.4299753154183623,2.242871803330911
1,2,0.6720567038219492,-1.1122587410569047,2.456372148700803
2,3,2.342022484707273,0.5371018191185801,4.146943150295966
3,4,0.7013821852205656,-1.2676716295658523,2.6704360000069833
4,5,4.5938204310999415,2.5073780272490036,6.680262834950879
