,age,Coef,lower_ci,upper_ci
0,1,-1.8453352871930855,-5.695956498663633,2.0052859242774623
1,2,-4.237557384005377,-9.493354163939646,1.0182393959288936
2,3,1.096090980524721,-2.514073137179314,4.706255098228756
3,4,1.2903355539023678,-1.766168228886877,4.3468393366916125
4,5,1.4488200522382344,-1.7117416353849404,4.609381739861409
