,age,Coef,lower_ci,upper_ci
0,1,2.8101195437857163,0.8495697644290914,4.770669323142341
1,2,1.9359755558329534,0.10684369325597642,3.7651074184099302
2,3,1.0438125836154117,-0.9230000191415433,3.0106251863723665
3,4,2.6730511557348455,0.44955028028937116,4.89655203118032
4,5,-0.37256798692153115,-2.124243027833633,1.379107053990571
