,age,Coef,lower_ci,upper_ci
0,1,-7.164001064285563,-16.329369022661634,2.0013668940905083
1,2,-2.529023057912544,-7.647214656482284,2.589168540657196
2,3,1.499975892075149,-5.528535325561894,8.528487109712191
3,4,-0.4858216108781814,-5.281360954856995,4.309717733100632
4,5,2.0313973578936664,-2.595476310821575,6.658271026608908
