,age,Coef,lower_ci,upper_ci
0,1,1.2619397927344382,-1.9968384579886045,4.520718043457481
1,2,1.917587776873181,-1.6074678535380085,5.44264340728437
2,3,3.6798245026477154,0.28869820318148554,7.070950802113945
3,4,3.274117512130797,-0.8310180120155968,7.37925303627719
4,5,2.633811509766892,-1.226285915118781,6.4939089346525645
