,age,Coef,lower_ci,upper_ci
0,1,0.0850848800034677,-0.056832556498107784,0.22700231650504318
1,2,-0.00021704715257093584,-0.1603541339452435,0.15992003964010165
2,3,-0.09120650052950216,-0.22123212178488214,0.038819120725877815
3,4,-0.07016664628015638,-0.18064654631138485,0.04031325375107209
4,5,-0.021599143784001747,-0.1313184160136038,0.08812012844560033
