,name,age,Coef,lower_ci,upper_ci,significance
0,pre_cohort_log_restriction_2_0,1,0.0021069966695887094,-0.014707004674623254,0.018920998013800674,False
1,pre_cohort_log_restriction_2_0,2,-0.023061428742562316,-0.06032085500188297,0.014197997516758338,False
2,pre_cohort_log_restriction_2_0,3,-0.0710301184810077,-0.13838641175966787,-0.003673825202347533,True
3,pre_cohort_log_restriction_2_0,4,-0.13522064021443886,-0.20441284388141212,-0.0660284365474656,True
4,pre_cohort_log_restriction_2_0,5,-0.1944806103027366,-0.2881885081015378,-0.10077271250393545,True
