,name,age,Coef,lower_ci,upper_ci,significance
0,pre_cohort_log_restriction_2_0,1,0.0021069966695887094,-0.014707004674623254,0.018920998013800674,False
1,pre_cohort_log_restriction_2_0,2,-0.01664780575031979,-0.03254118271438306,-0.0007544287862565197,True
2,pre_cohort_log_restriction_2_0,3,-0.017957772140802453,-0.05049059573086938,0.014575051449264468,False
3,pre_cohort_log_restriction_2_0,4,-0.018712257034447306,-0.03254716817628164,-0.004877345892612968,True
4,pre_cohort_log_restriction_2_0,5,-0.01824030664344872,-0.03540628623853812,-0.0010743270483593165,True
