,name,age,Coef,lower_ci,upper_ci,significance
0,pre_cohort_log_restriction_2_0,1,-0.03423234389911794,-0.07388741917877677,0.0054227313805408905,False
1,pre_cohort_log_restriction_2_0,2,-0.01612104156594617,-0.07546526110943275,0.04322317797754041,False
2,pre_cohort_log_restriction_2_0,3,0.009983550320941987,-0.07277071854983953,0.09273781919172351,False
3,pre_cohort_log_restriction_2_0,4,0.04125903592506511,-0.05355440169372383,0.13607247354385404,False
4,pre_cohort_log_restriction_2_0,5,0.11894642573352089,0.02080681419952919,0.21708603726751258,True
