,age,Coef,lower_ci,upper_ci
0,1,-0.01333389036255118,-0.12835021071244623,0.10168242998734386
1,2,0.003910536656834865,-0.11327135045096803,0.12109242376463777
2,3,0.009585890149711063,-0.10876344591107998,0.1279352262105021
3,4,0.06317207375118751,-0.061512809556504025,0.18785695705887906
4,5,0.05665445725899708,-0.0689032369188828,0.18221215143687697
