,name,age,Coef,lower_ci,upper_ci,significance
0,pre_cohort_log_restriction_2_0,1,-0.01333389036255118,-0.5073341688188708,0.48066638809376844,False
1,pre_cohort_log_restriction_2_0,2,0.003910536656834865,-0.49581179495086264,0.5036328682645324,False
2,pre_cohort_log_restriction_2_0,3,0.009585890149711063,-0.511126716073526,0.5302984963729482,False
3,pre_cohort_log_restriction_2_0,4,0.06317207375118751,-0.536129414763043,0.662473562265418,False
4,pre_cohort_log_restriction_2_0,5,0.05665445725899708,-0.5589528508182359,0.67226176533623,False
