,name,age,Coef,lower_ci,upper_ci,significance
0,pre_cohort_log_restriction_2_0,1,-0.021705827683647743,-0.04838940228122314,0.004977746913927657,False
1,pre_cohort_log_restriction_2_0,2,-0.10492729851048742,-0.16189656041684347,-0.04795803660413135,True
2,pre_cohort_log_restriction_2_0,3,-0.19289648348850277,-0.2727890107377966,-0.11300395623920896,True
3,pre_cohort_log_restriction_2_0,4,-0.2640624317401162,-0.3644609083937198,-0.16366395508651255,True
4,pre_cohort_log_restriction_2_0,5,-0.28805418345589473,-0.41506509221322685,-0.16104327469856258,True
