,name,age,Coef,lower_ci,upper_ci,significance
0,pre_cohort_log_restriction_2_0,1,-0.014194833606526736,-0.060136375995445975,0.0317467087823925,False
1,pre_cohort_log_restriction_2_0,2,0.025547002576491694,-0.05299660382536644,0.10409060897834982,False
2,pre_cohort_log_restriction_2_0,3,0.0733593435367563,-0.033955433228916504,0.1806741203024291,False
3,pre_cohort_log_restriction_2_0,4,0.08667136229836325,-0.049009281949692146,0.22235200654641865,False
4,pre_cohort_log_restriction_2_0,5,0.13987390279010856,0.006275421196799275,0.2734723843834178,True
