,age,Coef,lower_ci,upper_ci
0,1,0.053524596012239675,-0.19268545805521126,0.2997346500796906
1,2,-0.03553490822351454,-0.3388858421491685,0.26781602570213947
2,3,-0.05270054557899218,-0.3158751448326022,0.21047405367461786
3,4,-0.05091241646848931,-0.30378193430628125,0.20195710136930262
4,5,-0.10137962121207518,-0.3438154432468188,0.1410562008226684
