,name,age,Coef,lower_ci,upper_ci,significance
0,pre_cohort_log_restriction_2_0,1,0.05374233284142821,-0.156683135512453,0.2641678011953094,False
1,pre_cohort_log_restriction_2_0,2,0.051177143491214994,-0.15718787717287466,0.2595421641553046,False
2,pre_cohort_log_restriction_2_0,3,0.030350237692079025,-0.18175142456706558,0.24245189995122365,False
3,pre_cohort_log_restriction_2_0,4,0.09174371229123397,-0.15642865772309894,0.33991608230556686,False
4,pre_cohort_log_restriction_2_0,5,0.101998801282976,-0.15065540189140209,0.3546530044573541,False
