,age,Coef,lower_ci,upper_ci
0,1,-958.6962229601752,-3185.1884171802103,1267.7959712598602
1,2,37.525684525722895,-1271.8710972110266,1346.9224662624724
2,3,-223.60383130318718,-565.0523868278034,117.84472422142903
3,4,237.04780669582178,-317.00630693052403,791.1019203221676
4,5,116.1547159636739,-247.39058873536385,479.7000206627116
