,name,age,Coef,lower_ci,upper_ci,significance
0,pre_cohort_log_restriction_2_0,1,0.013143116225072166,-0.04982478150002331,0.07611101395016764,False
1,pre_cohort_log_restriction_2_0,2,-0.0024791056565243714,-0.030533607328552443,0.0255753960155037,False
2,pre_cohort_log_restriction_2_0,3,-0.031602413857034745,-0.05376823818399608,-0.009436589530073414,True
3,pre_cohort_log_restriction_2_0,4,0.002328415565177423,-0.026980798069451657,0.031637629199806505,False
4,pre_cohort_log_restriction_2_0,5,-0.039445593990124754,-0.0602211862047838,-0.018670001775465715,True
