,age,Coef,lower_ci,upper_ci
0,1,5.961411383749568,-10.010654452571927,21.93347722007106
1,2,6.018423064701231,-5.006905629675437,17.0437517590779
2,3,-0.7578516189283604,-8.919635361629572,7.403932123772852
3,4,6.037125523898781,-3.7273429442577184,15.801593992055281
4,5,-7.196248199891138,-13.673208117281714,-0.7192882825005622
