,age,Coef,lower_ci,upper_ci
0,1,5.961411383748909,-10.010654452282829,21.933477219780645
1,2,6.018423064701997,-5.00690563001271,17.043751759416704
2,3,-1.1332094691778403,-8.740453189238924,6.474034250883243
3,4,6.241018246589962,0.09492165130432095,12.387114841875604
4,5,-5.05401555430376,-11.535120364533594,1.4270892559260746
