,age,Coef,lower_ci,upper_ci
0,1,445.7147121360161,-1501.8572675633413,2393.2866918353734
1,2,126.46640734669725,-1673.1054167221805,1926.038231415575
2,3,814.7588705789947,-730.2752362419599,2359.7929773999495
3,4,-741.9223397642959,-2304.055313221287,820.2106336926952
4,5,-12.728792121729875,-1503.1785319535911,1477.7209477101314
