,age,Coef,lower_ci,upper_ci
0,1,2.0559765152765954,-3.2675782163111475,7.379531246864339
1,2,4.903468324182139,-2.2557177502942167,12.062654398658495
2,3,1.4953242078534223,-3.8718205590672437,6.862468974774089
3,4,1.4995639044323898,-4.01829450103244,7.017422309897219
4,5,0.9576022030173037,-4.80083481456742,6.716039220602028
