,name,age,Coef,lower_ci,upper_ci,significance
0,pre_cohort_log_restriction_2_0,1,2.4037329168466717,-3.8378187021995465,8.64528453589289,False
1,pre_cohort_log_restriction_2_0,2,1.263846638184625,-2.5241025928881395,5.05179586925739,False
2,pre_cohort_log_restriction_2_0,3,-1.2982664093522827,-4.224898975317592,1.6283661566130263,False
3,pre_cohort_log_restriction_2_0,4,1.971717806845947,-2.5677612810775168,6.511196894769411,False
4,pre_cohort_log_restriction_2_0,5,-4.96649294522536,-7.055489868290475,-2.877496022160245,True
