,age,Coef,lower_ci,upper_ci
0,1,445.7147121359371,-1501.8572674985737,2393.2866917704478
1,2,126.46640734667224,-1673.1054167125624,1926.0382314059068
2,3,557.587752980176,-848.6363437128766,1963.8118496732286
3,4,-39.616986250085226,-1413.5432557041795,1334.3092832040093
4,5,80.79748100413805,-1390.5658143365627,1552.1607763448387
