,age,Coef,lower_ci,upper_ci
0,1,2.0559765152765235,-3.267578216462383,7.37953124701543
1,2,5.392358261279696,-0.12077847371458272,10.905494996273976
2,3,2.1001471037536414,-1.9004023241310368,6.10069653163832
3,4,4.976133090268096,1.2785470960787269,8.673719084457465
4,5,2.745505283245652,-3.086771240548391,8.577781807039695
