,age,Coef,lower_ci,upper_ci
0,1,445.7147121360161,-1501.8572675633413,2393.2866918353734
1,2,400.40379938306285,-1005.8779694385911,1806.6855682047167
2,3,282.24604102911997,-761.2503899685088,1325.7424720267486
3,4,629.6758139648063,-218.01863773090588,1477.3702656605183
4,5,716.6245877372513,-918.5522751998773,2351.80145067438
