,age,Coef,lower_ci,upper_ci
0,1,-958.6962229601485,-3185.188417050816,1267.7959711305189
1,2,863.5838632476376,-331.22989741762456,2058.3976239128997
2,3,423.00554269750717,-377.4370180350768,1223.4481034300911
3,4,136.68546591863287,-709.9199960315293,983.290927868795
4,5,-158.3642181984886,-698.1636656260284,381.4352292290512
