,age,Coef,lower_ci,upper_ci
0,2,670.9049293037872,-1749.218568335583,3091.0284269431577
1,3,-792.2907612856297,-3099.0758803668346,1514.494357795575
2,4,1121.216125559182,-1273.7335798553738,3516.1658309737377
3,5,1012.022443745426,-797.9853832090814,2822.0302706999337
