,age,Coef,lower_ci,upper_ci
0,1,2.0559765152762552,-3.26757821666136,7.379531247213871
1,2,4.903468324182113,-2.2557177504636945,12.06265439882792
2,3,1.6742067120494046,-3.4835001330318636,6.831913557130672
3,4,2.57441931404174,-2.3404222653453886,7.4892608934288685
4,5,1.1921811353846472,-4.369204803174517,6.753567073943811
