,age,Coef,lower_ci,upper_ci
0,1,2.4037329168466717,-0.645592608269931,5.453058441963274
1,2,1.263846638184625,-1.6171535326176836,4.144846808986934
2,3,-1.2982664093522827,-4.235263853914582,1.638731035210017
3,4,1.971717806845947,-1.1197928693052586,5.063228482997153
4,5,-4.96649294522536,-7.772453100807229,-2.160532789643491
