,age,Coef,lower_ci,upper_ci
0,1,5.961411383749568,-10.010654452571927,21.93347722007106
1,2,5.714115337356163,-3.6825372685600586,15.110767943272386
2,3,-2.7535470919530147,-7.620742238907175,2.113648055001146
3,4,7.782129275824466,1.784117606255963,13.780140945392969
4,5,-0.5256352460706389,-4.581239450529392,3.529968958388114
