,age,Coef,lower_ci,upper_ci
0,1,497.08787924275106,-1708.0097971474415,2702.1855556329438
1,2,660.9615364722226,-788.7523089183283,2110.6753818627735
2,3,324.91363955693083,-787.0371900346247,1436.8644691484863
3,4,629.6758139648052,-218.0186377341181,1477.3702656637286
4,5,716.6245877372512,-918.552275197447,2351.801450671949
