,age,Coef,lower_ci,upper_ci
0,2,0.5838724226345192,-7.326632006598352,8.49437685186739
1,3,-1.1202721554290198,-8.106703580870544,5.8661592700125045
2,4,3.9153328091734996,-4.379483948135681,12.210149566482679
3,5,1.9349617290677676,-4.978121648860965,8.8480451069965
