,age,Coef,lower_ci,upper_ci
0,2,-0.5730113697424017,-14.363397179284128,13.217374439799325
1,3,-3.4947913296031334,-15.426124805082114,8.436542145875848
2,4,3.052428140492711,-6.938499026059743,13.043355307045166
3,5,8.504531555737339,-6.901356335237313,23.91041944671199
