,age,Coef,lower_ci,upper_ci
0,1,3.217004727796946,-2.774469257676176,9.208478713270068
1,2,6.419940345226562,0.5660496928414664,12.273830997611658
2,3,2.0212504829732136,-2.221934323037999,6.264435288984426
3,4,4.976133090268096,1.2785470960787269,8.673719084457465
4,5,2.745505283245652,-3.086771240548391,8.577781807039695
