,age,Coef,lower_ci,upper_ci
0,1,778.0309004545107,-257.0222265665153,1813.084027475537
1,2,297.675595920308,-566.7511917936674,1162.1023836342833
2,3,-562.5562311093819,-1394.6632027966725,269.55074057790864
3,4,179.663581419368,-716.5343522098235,1075.8615150485596
4,5,-956.2273738212523,-1681.127332655527,-231.3274149869776
