,name,age,Coef,lower_ci,upper_ci,significance
0,pre_cohort_log_restriction_2_0,1,-0.022181174850690454,-0.04659874000206024,0.0022363903006793334,False
1,pre_cohort_log_restriction_2_0,2,-0.10309872684452039,-0.1568381786789417,-0.04935927501009907,True
2,pre_cohort_log_restriction_2_0,3,-0.1875304260118481,-0.26342063167734736,-0.11164022034634884,True
3,pre_cohort_log_restriction_2_0,4,-0.25184808934484865,-0.34478707262363995,-0.15890910606605732,True
4,pre_cohort_log_restriction_2_0,5,-0.2742154319389005,-0.38917030213084874,-0.1592605617469523,True
