,age,Coef,lower_ci,upper_ci
0,1,4.612723409237176,-0.49323957238229177,9.718686390856643
1,2,-2.073991743280096,-6.683425435656719,2.5354419490965276
2,3,1.2491400498952978,-2.125880105956518,4.624160205747113
3,4,0.6707331659673206,-2.6538441430317743,3.9953104749664154
4,5,1.9098522657526646,-1.8322230799218735,5.651927611427203
