,age,Coef,lower_ci,upper_ci
0,1,-6.93291260022099,-15.367829486851534,1.5020042864095542
1,2,2.141600026069863,-2.3524123318270043,6.6356123839667305
2,3,1.0430541226754282,-4.186547886190823,6.27265613154168
3,4,-0.04044560534007839,-2.9456057198804393,2.864714509200282
4,5,1.4504011299692119,-2.051227421080883,4.952029681019307
