,age,Coef,lower_ci,upper_ci
0,1,3.022968492134453,-1.4731463588250344,7.51908334309394
1,2,0.32421857293150724,-2.959485055996925,3.6079222018599393
2,3,2.2306407285673773,-0.36871031791159314,4.829991775046348
3,4,0.7619665219962267,-1.5337354635681049,3.0576685075605585
4,5,2.1040724634720833,-0.5104988704225306,4.718643797366697
