,age,Coef,lower_ci,upper_ci
0,1,-6.932912600221482,-15.367829486688802,1.5020042862458363
1,2,-0.08205166551762202,-5.67505628537294,5.510952954337696
2,3,2.1287182769671817,-5.059708789890477,9.31714534382484
3,4,-0.35593704120199354,-4.876012540038673,4.164138457634685
4,5,3.210231288850718,-2.318621012925589,8.739083590627025
