,age,Coef,lower_ci,upper_ci
0,2,5.4031142482499925,-0.7009044215846547,11.50713291808464
1,3,0.2699148315888195,-5.2152152436334855,5.755044906811124
2,4,-0.1229391778201823,-5.226015398551718,4.980137042911354
3,5,0.15114929965187374,-5.168729352967214,5.47102795227096
