,name,age,Coef,lower_ci,upper_ci,significance
0,pre_cohort_log_restriction_2_0,1,-0.009791174156362147,-0.04958246430819664,0.03000011599547235,False
1,pre_cohort_log_restriction_2_0,2,-0.013673352144341353,-0.030979023755128482,0.003632319466445778,False
2,pre_cohort_log_restriction_2_0,3,0.006740008131360999,-0.015543037658750458,0.029023053921472454,False
3,pre_cohort_log_restriction_2_0,4,0.0057325842384671295,-0.022850532687920266,0.03431570116485452,False
4,pre_cohort_log_restriction_2_0,5,0.0006897669340501407,-0.028598823388553313,0.029978357256653595,False
