,age,Coef,lower_ci,upper_ci
0,1,0.6088394013662656,-1.8295726583746847,3.047251461107216
1,2,-1.2576319138250631,-3.264519817194161,0.7492559895440349
2,3,-0.07288349995029603,-1.9112143972891185,1.7654473973885263
3,4,0.7233868849035558,-1.3037843919067829,2.7505581617138946
4,5,1.2146852275841586,-1.29230175856971,3.721672213738027
