,age,Coef,lower_ci,upper_ci
0,1,4.612723409236896,-0.4932395723373242,9.718686390811115
1,2,0.4840276905238617,-3.087504280565144,4.055559661612867
2,3,1.4335757244685077,-1.1328955933382252,4.0000470422752405
3,4,0.8029565747635411,-1.4664875474580525,3.072400696985135
4,5,2.2329935138245274,-0.38123032012227664,4.847217347771331
