,age,Coef,lower_ci,upper_ci
0,2,4.4494108924475455,-1.2634363424679433,10.162258127363035
1,3,-1.803545761508752,-6.925972574756563,3.3188810517390595
2,4,-0.1229391778201823,-5.226015398551718,4.980137042911354
3,5,0.15114929965187374,-5.168729352967214,5.47102795227096
