,age,Coef,lower_ci,upper_ci
0,1,3.022968492134453,-1.4731463588250344,7.51908334309394
1,2,-1.933618513635918,-6.340495617230536,2.4732585899587
2,3,2.547620509996099,-1.119812919353028,6.215053939345226
3,4,0.2391907831794232,-3.4531622481905946,3.9315438145494412
4,5,2.048136615879959,-2.1400600093672795,6.2363332411271974
