,age,Coef,lower_ci,upper_ci
0,1,-6.93291260022099,-15.367829486851534,1.5020042864095542
1,2,-0.08205166551798558,-5.6750562852334,5.510952954197429
2,3,0.5993840596315633,-6.871296204172623,8.07006432343575
3,4,-0.4452385085596646,-3.634912733057858,2.744435715938529
4,5,3.7848642391041305,-1.9214288580941443,9.491157336302406
