,index,L_0_entry_rate,death_rate,estabs_entry_rate,estabs_exit_rate,job_creation_rate,job_destruction_rate,log_avg_emp,log_emp,net_job_creation_rate,reallocation_rate
0,OLS Coef,0.02485***,0.01209***,0.01831***,0.01088***,0.03038***,0.02538***,0.13644***,0.04436,0.005,0.04649***
1,,[0.00332],[0.00204],[0.00289],[0.00232],[0.00365],[0.00363],[0.02383],[0.03016],[0.00417],[0.00598]
2,# obs,8176,8262,8262,8262,8262,8262,8262,8262,8262,8262
3,,,,,,,,,,,
4,OLS IV,-0.02219**,0.01289***,0.00908,0.02314***,0.0479***,0.06675***,-0.38997***,-0.07803,-0.01885,0.11437***
5,,[0.00914],[0.00452],[0.00735],[0.00528],[0.00931],[0.01145],[0.09014],[0.08213],[0.01431],[0.01581]
6,# obs,8176,8262,8262,8262,8262,8262,8262,8262,8262,8262
7,,,,,,,,,,,
