,index,L_0_entry_rate,death_rate,estabs_entry_rate,estabs_exit_rate,job_creation_rate,job_destruction_rate,log_avg_emp,log_emp,net_job_creation_rate,reallocation_rate
0,OLS Coef,0.01284***,0.00523***,0.00708***,0.00098,0.01946***,0.0176***,0.16376***,-0.00186,0.00186,0.04307***
1,,[0.00242],[0.00187],[0.00213],[0.00237],[0.00264],[0.00332],[0.01406],[0.01898],[0.00415],[0.00502]
2,# obs,9412,9412,9412,9412,9412,9412,9412,9412,9412,9412
3,,,,,,,,,,,
4,OLS IV,0.00046,-0.0775***,-0.04424***,-0.10968***,0.02043,-0.07701***,-0.46982***,-0.28249**,0.09744***,-0.03335
5,,[0.01561],[0.01761],[0.01564],[0.02264],[0.01641],[0.02187],[0.12611],[0.12174],[0.02809],[0.02811]
6,# obs,9050,9050,9050,9050,9050,9050,9050,9050,9050,9050
7,,,,,,,,,,,
