,index,L_0_entry_rate,death_rate,estabs_entry_rate,estabs_exit_rate,job_creation_rate,job_destruction_rate,log_avg_emp,log_emp,net_job_creation_rate,reallocation_rate
0,OLS Coef,0.01284***,0.00523***,0.00708***,0.00098,0.01946***,0.0176***,0.16376***,-0.00186,0.00186,0.04307***
1,,[0.00242],[0.00187],[0.00213],[0.00237],[0.00264],[0.00332],[0.01406],[0.01898],[0.00415],[0.00502]
2,# obs,9412,9412,9412,9412,9412,9412,9412,9412,9412,9412
3,,,,,,,,,,,
4,OLS IV,0.10047***,-0.04876**,-0.03833,-0.13353***,-0.10686***,-0.1832***,2.26412***,-0.18393,0.07635*,-0.28701***
5,,[0.0353],[0.02041],[0.02339],[0.03941],[0.03968],[0.05526],[0.56267],[0.21614],[0.0443],[0.0846]
6,# obs,9412,9412,9412,9412,9412,9412,9412,9412,9412,9412
7,,,,,,,,,,,
