,index,L_0_entry_rate,death_rate,estabs_entry_rate,estabs_exit_rate,job_creation_rate,job_destruction_rate,log_avg_emp,log_emp,net_job_creation_rate,reallocation_rate
0,OLS Coef,0.0248***,0.01149***,0.01834***,0.0102***,0.03078***,0.0235***,0.13312***,0.03925,0.00728*,0.04498***
1,,[0.00332],[0.0021],[0.00288],[0.00239],[0.00367],[0.0038],[0.02401],[0.03038],[0.00442],[0.00606]
2,# obs,8079,8079,8079,8079,8079,8079,8079,8079,8079,8079
3,,,,,,,,,,,
4,OLS IV,-0.0315*,0.04867***,0.03**,0.07514***,0.10663***,0.15005***,-1.48948***,-0.47891***,-0.04343*,0.25687***
5,,[0.01722],[0.00957],[0.01273],[0.01143],[0.01763],[0.02007],[0.2121],[0.14756],[0.02536],[0.03146]
6,# obs,8079,8079,8079,8079,8079,8079,8079,8079,8079,8079
7,,,,,,,,,,,
